fecha,hora,bcv,p2p,banco,brecha
2026-09-18,14:56,848.5458,948.5000,Mercantil,11.7795
2026-09-18,15:03,848.5458,946.9000,Mercantil,11.5909
2026-09-18,17:22,849.5640,950.5000,BBVABank/Provincial,11.8809
2026-09-18,19:47,849.5640,948.5000,Mercantil,11.6455
2026-09-19,00:22,849.5640,950.5190,Mercantil,11.8832
2026-09-19,12:10,849.5640,948.3000,Mercantil,11.6220
2026-09-19,15:06,849.5640,948.0000,Mercantil,11.5866
2026-09-19,17:59,849.5640,945.5000,Provincial,11.2924
2026-09-19,19:57,849.5640,947.9900,BBVABank/Provincial,11.5855
2026-09-20,00:40,849.5640,948.2590,Mercantil,11.6171
2026-09-20,12:38,849.5640,947.8000,Provincial,11.5631
2026-09-20,15:12,849.5640,947.1000,Provincial,11.4807
2026-09-20,18:04,849.5640,945.0000,BBVABank/Provincial,11.2335
2026-09-20,20:43,849.5640,943.3000,Provincial,11.0334
2026-09-21,00:38,849.5640,941.0000,BBVABank/Provincial,10.7627
2026-09-21,14:49,849.5640,956.4000,Mercantil,12.5754
2026-09-21,15:19,849.5640,955.5000,Provincial,12.4695
2026-09-21,15:49,849.5640,954.1000,Mercantil,12.3047
2026-09-21,16:19,849.5640,952.0000,BBVABank/Provincial,12.0575
2026-09-21,16:49,852.4168,950.2550,Mercantil,11.4777
2026-09-21,17:19,852.4168,953.0000,BBVABank/Provincial,11.7998
2026-09-21,17:49,852.4168,955.0000,BBVABank/Provincial,12.0344
2026-09-21,18:19,852.4168,954.2500,Mercantil,11.9464
2026-09-21,18:50,852.4168,954.4050,Mercantil,11.9646
2026-09-21,20:00,852.4168,951.1010,Provincial,11.5770
2026-09-21,20:30,852.4168,951.7100,Provincial,11.6484
2026-09-22,14:44,852.4168,962.6100,Mercantil,12.9272
2026-09-22,15:14,852.4168,962.0000,BBVABank/Provincial,12.8556
2026-09-22,15:44,852.4168,961.0000,Provincial,12.7383
2026-09-22,16:14,853.4993,961.3500,Banesco/Mercantil,12.6363
2026-09-22,18:45,853.4993,962.0000,Mercantil,12.7125
2026-09-22,19:15,853.4993,961.5210,Mercantil,12.6563
2026-09-22,19:45,853.4993,961.1100,Mercantil,12.6082
2026-09-22,20:15,853.4993,961.0010,Mercantil,12.5954
2026-09-22,20:45,853.4993,962.0000,Provincial,12.7125
2026-09-23,12:45,853.4993,965.5500,BBVABank/Provincial,13.1284
2026-09-23,13:15,853.4993,964.6530,BBVABank/Provincial,13.0233
2026-09-23,13:45,853.4993,962.7000,BBVABank/Provincial,12.7945
2026-09-23,14:15,853.4993,962.5500,Provincial,12.7769
2026-09-23,14:45,853.4993,964.6000,BBVABank/Provincial,13.0171
2026-09-23,15:15,853.4993,966.5000,Provincial,13.2397
2026-09-23,15:45,854.4637,965.1120,BBVABank/Provincial,12.9494
2026-09-23,16:15,854.4637,965.0600,Provincial,12.9434
2026-09-23,16:45,854.4637,965.4100,Mercantil,12.9843
2026-09-23,19:35,854.4637,965.1000,BBVABank/Provincial,12.9480
2026-09-23,20:05,854.4637,964.3000,Provincial,12.8544
2026-09-23,20:35,854.4637,964.0010,Provincial,12.8194
2026-09-24,10:53,854.4637,965.1010,Provincial,12.9482
2026-09-24,11:23,854.4637,965.0000,Provincial,12.9363
2026-09-24,11:53,854.4637,965.0000,Mercantil,12.9363
2026-09-24,12:23,854.4637,965.0000,Provincial,12.9363
2026-09-24,12:53,854.4637,965.0000,Provincial,12.9363
2026-09-24,13:23,854.4637,963.7110,Provincial,12.7855
2026-09-24,13:53,854.4637,964.1000,Provincial,12.8310
2026-09-24,14:23,854.4637,964.3000,Mercantil,12.8544
2026-09-24,14:53,854.4637,963.8800,Mercantil,12.8053
2026-09-24,15:30,854.4637,966.0000,Mercantil,13.0534
2026-09-24,16:00,855.6625,967.1100,Mercantil,13.0247
2026-09-24,16:30,855.6625,966.0000,Provincial,12.8950
2026-09-24,17:00,855.6625,966.0000,Provincial,12.8950
2026-09-24,17:30,855.6625,965.6000,BBVABank/Provincial,12.8482
2026-09-24,18:00,855.6625,965.0000,Provincial,12.7781
2026-09-24,18:30,855.6625,965.4100,Mercantil,12.8260
2026-09-24,19:00,855.6625,965.5010,Provincial,12.8367
2026-09-25,09:36,855.6625,968.1340,Mercantil,13.1444
2026-09-25,10:06,855.6625,967.8150,BBVABank/Provincial,13.1071
2026-09-25,10:36,855.6625,964.8400,BBVABank/Provincial,12.7594
2026-09-25,11:07,855.6625,965.2100,BBVABank/Provincial,12.8027
2026-09-25,11:37,855.6625,963.5000,BBVABank/Provincial,12.6028
2026-09-25,12:07,855.6625,969.0000,Mercantil,13.2456
2026-09-25,12:37,855.6625,962.0000,Mercantil,12.4275
2026-09-25,13:07,855.6625,962.0500,Provincial,12.4333
2026-09-25,13:37,855.6625,958.0000,Provincial,11.9600
2026-09-25,14:28,855.6625,962.0000,Mercantil,12.4275
2026-09-25,14:58,855.6625,962.0000,Mercantil,12.4275
2026-09-25,15:28,855.6625,962.8090,BBVABank/Provincial,12.5221
2026-09-25,15:58,857.0058,964.1000,BBVABank/Provincial,12.4963
2026-09-25,16:28,857.0058,963.1000,Mercantil,12.3796
2026-09-25,16:58,857.0058,963.0000,BBVABank/Provincial,12.3680
2026-09-25,17:29,857.0058,963.3990,Mercantil,12.4145
2026-09-25,17:59,857.0058,963.2990,Mercantil,12.4029
2026-09-25,18:29,857.0058,965.8000,Mercantil,12.6947
2026-09-26,09:28,857.0058,965.5100,Mercantil,12.6608
2026-09-26,09:58,857.0058,966.5000,Provincial,12.7764
2026-09-26,10:28,857.0058,966.8010,BBVABank/Provincial,12.8115
2026-09-26,10:58,857.0058,966.3030,Provincial,12.7534
2026-09-26,11:28,857.0058,967.1090,BBVABank/Provincial,12.8474
2026-09-26,11:58,857.0058,965.0000,Provincial,12.6013
2026-09-26,12:28,857.0058,966.5010,Provincial,12.7765
2026-09-26,12:58,857.0058,964.5010,Provincial,12.5431
2026-09-26,13:32,857.0058,966.0000,Provincial,12.7180
2026-09-26,14:02,857.0058,966.0000,Provincial,12.7180
2026-09-26,14:32,857.0058,967.0000,Provincial,12.8347
2026-09-26,15:03,857.0058,967.1000,Provincial,12.8464
2026-09-26,15:33,857.0058,963.2150,BBVABank/Provincial,12.3931
2026-09-26,16:03,857.0058,964.8090,BBVABank/Provincial,12.5791
2026-09-26,16:33,857.0058,964.0400,Provincial,12.4893
2026-09-26,17:03,857.0058,964.5000,Provincial,12.5430
2026-09-26,18:39,857.0058,963.1000,BANK/BancoDeVenezuela/Banesco/Mercantil,12.3796
2026-09-26,19:09,857.0058,962.9000,BBVABank/Provincial,12.3563
2026-09-26,19:39,857.0058,961.2000,BBVABank/Provincial,12.1579
2026-09-26,20:09,857.0058,962.0000,Mercantil,12.2513
2026-09-26,20:39,857.0058,962.0000,Mercantil,12.2513
2026-09-27,09:49,857.0058,962.6010,Provincial,12.3214
2026-09-27,10:19,857.0058,962.6000,Provincial,12.3213
2026-09-27,10:49,857.0058,963.0030,BBVABank/Provincial,12.3683
2026-09-27,11:19,857.0058,963.0010,BBVABank/Provincial,12.3681
2026-09-27,11:49,857.0058,963.5000,Provincial,12.4263
2026-09-27,12:19,857.0058,962.5050,Mercantil,12.3102
2026-09-27,12:49,857.0058,963.0000,Mercantil,12.3680
2026-09-27,13:19,857.0058,962.6000,BBVABank/Provincial,12.3213
2026-09-27,13:50,857.0058,962.0010,BBVABank/Provincial,12.2514
2026-09-27,14:15,857.0058,962.6000,BBVABank/Provincial,12.3213
2026-09-27,14:45,857.0058,962.5500,BBVABank/Provincial,12.3155
2026-09-27,15:15,857.0058,962.3110,Mercantil,12.2876
2026-09-27,15:45,857.0058,962.0000,BBVABank/Provincial,12.2513
2026-09-27,16:15,857.0058,964.0000,BBVABank/Provincial,12.4847
2026-09-27,16:45,857.0058,962.7000,Provincial,12.3330
2026-09-27,17:15,857.0058,963.0000,BBVABank/Provincial,12.3680
2026-09-27,17:46,857.0058,964.8910,Provincial,12.5886
2026-09-27,18:16,857.0058,964.3910,Provincial,12.5303
2026-09-27,20:30,857.0058,965.2510,Provincial,12.6306
2026-09-28,11:17,857.0058,963.5210,Mercantil,12.4288
2026-09-28,11:47,857.0058,963.7000,Mercantil,12.4496
2026-09-28,12:17,857.0058,965.0000,Provincial,12.6013
2026-09-28,12:47,857.0058,965.2000,Provincial,12.6247
2026-09-28,13:17,857.0058,964.2000,BBVABank/Provincial,12.5080
2026-09-28,13:47,857.0058,961.8500,Mercantil,12.2338
2026-09-28,14:17,857.0058,963.1000,BBVABank/Provincial,12.3796
2026-09-28,14:47,857.0058,963.2000,Provincial,12.3913
2026-09-28,15:17,857.0058,963.5010,Provincial,12.4264
2026-09-28,17:48,857.8876,965.0030,Provincial,12.4859
2026-09-28,18:18,857.8876,964.2000,Mercantil,12.3923
2026-09-28,18:49,857.8876,963.7000,BBVABank/Provincial,12.3341
2026-09-28,19:19,857.8876,962.0000,Mercantil,12.1359
2026-09-28,19:49,857.8876,961.5500,Mercantil,12.0834
2026-09-28,20:19,857.8876,962.0500,Provincial,12.1417
2026-09-28,20:49,857.8876,962.3200,Provincial,12.1732
2026-09-29,11:39,857.8876,954.6000,BBVABank/Provincial,11.2733
2026-09-29,12:09,857.8876,954.8200,BBVABank/Provincial,11.2990
2026-09-29,12:39,857.8876,953.6000,Provincial,11.1568
2026-09-29,13:09,857.8876,954.0010,Provincial,11.2035
2026-09-29,13:39,857.8876,954.8000,Provincial,11.2966
2026-09-29,14:09,857.8876,954.7170,Provincial,11.2870
2026-09-29,14:39,857.8876,957.7000,Provincial,11.6347
2026-09-29,15:09,857.8876,958.3000,Mercantil,11.7046
2026-09-29,15:39,859.0629,959.0000,BBVABank/Provincial,11.6333
2026-09-29,16:39,859.0629,957.0010,Banesco/Provincial,11.4006
2026-09-29,17:09,859.0629,957.6200,Mercantil,11.4726
2026-09-29,17:39,859.0629,956.6060,Provincial,11.3546
2026-09-29,18:09,859.0629,956.8800,Mercantil,11.3865
2026-09-29,18:39,859.0629,957.1000,Mercantil,11.4121
2026-09-29,19:09,859.0629,958.3200,Mercantil,11.5541
2026-09-29,19:39,859.0629,958.3000,BBVABank/Provincial,11.5518
2026-09-29,20:09,859.0629,958.2000,Provincial,11.5401
2026-09-29,20:39,859.0629,958.2000,Provincial,11.5401
2026-09-30,09:07,859.0629,956.8010,BBVABank/Provincial,11.3773
2026-09-30,09:37,859.0629,956.9220,Provincial,11.3914
2026-09-30,10:07,859.0629,957.3000,BBVABank/Provincial,11.4354
2026-09-30,10:37,859.0629,954.9100,Provincial,11.1572
2026-09-30,11:07,859.0629,952.1000,BBVABank/BancoDelTesoro/Provincial,10.8301
2026-09-30,11:38,859.0629,954.0000,Provincial,11.0512
2026-09-30,12:08,859.0629,950.8000,Provincial,10.6787
2026-09-30,12:38,859.0629,950.3020,BBVABank/Provincial,10.6208
2026-09-30,13:38,859.0629,951.0000,Provincial,10.7020
2026-09-30,14:08,859.0629,951.0000,Provincial,10.7020
2026-09-30,14:38,859.0629,949.8900,Provincial,10.5728
2026-09-30,15:08,859.0629,951.0010,Mercantil,10.7021
2026-09-30,15:38,859.0629,952.7000,Provincial,10.8999
2026-09-30,16:08,859.0629,952.1000,Banesco/Provincial,10.8301
2026-09-30,16:38,860.1753,951.5000,BBVABank/Provincial,10.6170
2026-09-30,17:09,860.1753,950.1000,Mercantil,10.4542
2026-09-30,17:39,860.1753,949.0010,Provincial,10.3265
2026-09-30,18:39,860.1753,951.1500,Mercantil,10.5763
2026-09-30,19:09,860.1753,950.6000,BBVABank/Provincial,10.5124
2026-09-30,19:39,860.1753,959.5000,Mercantil,11.5470
2026-09-30,20:09,860.1753,954.0000,BBVABank/Provincial,10.9076
2026-09-30,20:40,860.1753,950.6100,Provincial,10.5135
2026-10-01,09:04,860.1753,953.1200,BBVABank/Provincial,10.8053
2026-10-01,09:34,860.1753,955.3000,BBVABank/Provincial,11.0588
2026-10-01,10:04,860.1753,956.5000,Mercantil,11.1983
2026-10-01,10:34,860.1753,955.8600,PagoMovil/Provincial,11.1239
2026-10-01,11:04,860.1753,953.0000,Provincial,10.7914
2026-10-01,11:34,860.1753,955.0000,Bancaribe/Provincial,11.0239
2026-10-01,12:04,860.1753,955.0000,BBVABank/Provincial,11.0239
2026-10-01,12:35,860.1753,953.3100,Provincial,10.8274
2026-10-01,13:35,860.1753,955.5000,Provincial,11.0820
2026-10-01,14:05,860.1753,955.8000,BBVABank/Provincial,11.1169
2026-10-01,14:35,860.1753,956.6000,BBVABank/Provincial,11.2099
2026-10-01,15:05,860.1753,956.9150,BBVABank/Provincial,11.2465
2026-10-01,15:35,860.1753,962.0000,Provincial,11.8377
2026-10-01,16:05,860.1753,958.3000,BBVABank/Provincial,11.4075
2026-10-01,16:35,866.5612,957.0000,Mercantil,10.4365
2026-10-01,17:05,866.5612,959.3100,Mercantil,10.7031
2026-10-01,17:35,866.5612,960.5000,Provincial,10.8404
2026-10-01,18:36,866.5612,962.1000,Provincial,11.0250
2026-10-01,19:06,866.5612,961.6000,Provincial,10.9674
2026-10-01,19:36,866.5612,960.1500,Mercantil,10.8000
2026-10-01,20:06,866.5612,961.0000,Mercantil,10.8981
2026-10-01,20:36,866.5612,962.0000,Mercantil,11.0135
2026-10-02,09:03,866.5612,958.8000,Mercantil,10.6442
2026-10-02,09:33,866.5612,959.2200,BBVABank/Provincial,10.6927
2026-10-02,10:03,866.5612,960.5200,BBVABank/Provincial,10.8427
2026-10-02,10:34,866.5612,963.1120,Mercantil,11.1418
2026-10-02,11:04,866.5612,964.1000,Provincial,11.2558
2026-10-02,11:34,866.5612,963.0000,Provincial,11.1289
2026-10-02,12:04,866.5612,962.5000,BBVABank/Provincial,11.0712
2026-10-02,12:34,866.5612,964.2000,BBVABank/Provincial,11.2674
2026-10-02,13:34,866.5612,965.0000,Provincial,11.3597
2026-10-02,14:04,866.5612,966.0000,Provincial,11.4751
2026-10-02,14:34,866.5612,965.1000,Provincial,11.3712
2026-10-02,15:04,866.5612,967.0000,BBVABank/Provincial,11.5905
2026-10-02,15:35,866.5612,970.0000,BBVABank/Provincial,11.9367
2026-10-02,16:05,866.5612,969.0000,BBVABank/Provincial,11.8213
2026-10-02,16:35,866.5612,970.5570,BBVABank/Provincial,12.0010
2026-10-02,17:05,871.3689,970.0000,BBVABank/Provincial,11.3191
2026-10-02,17:35,871.3689,969.5050,BBVABank/Provincial,11.2623
2026-10-02,18:35,871.3689,968.5500,BBVABank/Provincial,11.1527
2026-10-02,19:05,871.3689,969.0000,Provincial,11.2043
2026-10-02,19:35,871.3689,969.7490,Mercantil,11.2903
2026-10-02,20:05,871.3689,972.1000,Mercantil,11.5601
2026-10-02,20:35,871.3689,971.5000,BancoDeVenezuela/Provincial,11.4912
2026-10-03,09:52,871.3689,973.3100,Mercantil,11.6990
2026-10-03,10:22,871.3689,973.6000,BBVABank/Provincial,11.7322
2026-10-03,10:52,871.3689,973.5000,Provincial,11.7208
2026-10-03,11:22,871.3689,973.5010,Provincial,11.7209
2026-10-03,11:52,871.3689,974.3010,Provincial,11.8127
2026-10-03,12:22,871.3689,974.3010,Provincial,11.8127
2026-10-03,12:52,871.3689,975.5010,Provincial,11.9504
2026-10-03,13:22,871.3689,974.1000,Provincial,11.7896
2026-10-03,13:52,871.3689,974.2000,Provincial,11.8011
2026-10-03,14:52,871.3689,977.0000,Provincial,12.1224
2026-10-03,15:23,871.3689,974.0000,Provincial,11.7781
2026-10-03,15:53,871.3689,978.0000,Provincial,12.2372
2026-10-03,16:23,871.3689,974.0000,Provincial,11.7781
2026-10-03,16:53,871.3689,973.2500,Mercantil,11.6921
2026-10-03,17:23,871.3689,974.3300,Provincial,11.8160
2026-10-03,17:53,871.3689,974.6010,BBVABank/Provincial,11.8471
2026-10-03,18:23,871.3689,973.2000,Mercantil,11.6863
2026-10-03,18:53,871.3689,973.1590,Mercantil,11.6816
2026-10-03,19:56,871.3689,975.0000,Mercantil,11.8929
2026-10-03,20:26,871.3689,974.6020,BBVABank/Provincial,11.8472
2026-10-03,20:56,871.3689,975.0000,Provincial,11.8929
2026-10-04,10:03,871.3689,973.0000,Provincial,11.6634
2026-10-04,10:33,871.3689,973.0000,Provincial,11.6634
2026-10-04,11:03,871.3689,971.0000,Mercantil,11.4339
2026-10-04,11:33,871.3689,972.5000,Mercantil,11.6060
2026-10-04,12:03,871.3689,972.4600,Provincial,11.6014
2026-10-04,12:33,871.3689,973.1500,Provincial,11.6806
2026-10-04,13:04,871.3689,980.0010,Provincial,12.4668
2026-10-04,13:34,871.3689,973.9000,BBVABank/Provincial,11.7667
2026-10-04,14:04,871.3689,972.0000,Provincial,11.5486
2026-10-04,15:10,871.3689,971.0000,BANK/Mercantil/PagoMovil,11.4339
2026-10-04,15:40,871.3689,970.5500,BBVABank/Provincial,11.3822
2026-10-04,16:10,871.3689,971.1000,BBVABank/Provincial,11.4453
2026-10-04,16:40,871.3689,971.5600,BBVABank/Provincial,11.4981
2026-10-04,17:10,871.3689,971.4100,BBVABank/Provincial,11.4809
